smiles,IC50,score
CCc1nc(NC(=O)N2CCN(C(=O)[C@H]3CCC[C@@H]3C)CC2)ccc1OC,28.33784294128418,3.1483209784943966
Cc1nccn1C1CCN(C(=O)c2ccc(NC(=O)c3ccccc3)cc2)CC1,34.24248504638672,2.046802833609137
CCCC[C@@H]1CCCCN1S(=O)(=O)c1ccc(Cl)s1,75.5220718383789,2.712706150873485
CC[C@H](NC(=O)[C@H]1CCCN(C(=O)Nc2ccc(Cl)cc2Cl)CC1)C1CC1,23.706789016723633,2.9272624683729394
CCC(CCC)CCN(C(=O)c1ccc2c(c1)OCO2)S(=O)(=O)c1ccc(C)cc1,45.90271759033203,2.953557872888318
