smiles,IC50,score
CCc1nc(NC(=O)N2CCN(C(=O)[C@H]3CCC[C@@H]3C)CC2)ccc1OC,64.38626861572266,3.1483209784943966
CNC(=O)[C@@H](C)[NH2+][C@@H](Cc1c[nH]c2ccccc12)C(=O)NCC(C)C,90.79700469970703,3.7888365186312924
Cc1nccn1C1CCN(C(=O)c2ccc(NC(=O)c3ccccc3)cc2)CC1,68.4070816040039,2.046802833609137
CCCC[C@@H]1CCCCN1S(=O)(=O)c1ccc(Cl)s1,67.24632263183594,2.712706150873485
C[C@H]1CC[C@H](NC(=O)N2CC[C@@H](C[C@H](C)CS(=O)(=O)c3ccccc3)C2)CC1,93.53166961669922,3.1880015312365284
